Sample ID (Sample number),Sample ID (Acess number from laboratory),Sample ID (Reference sample in the collect),Date/Time (of collecting),Project,Sample method,Latitude,Longitude,Chart datum [m] (Hydrographic datum (m)),"Gravel [%] (Grain size, sieving)","Sdst [%] (Grain size, sieving)","Mudstone [%] (Grain size, sieving/pipette)","Grain size mean [phi] (Grain size, sieving/pipette, ...)","Std dev [±] (Of sample value, Grain size, ...)","Skew (Grain size, sieving/pipette, ...)","Kurt (Grain size, sieving/pipette, ...)","Mode [phi] (1st Mode sample value, Grain ...)","Mode [phi] (2nd Mode sample value, Grain ...)","Mode [phi] (3rd Mode sample value, Grain ...)",Obs
1,880A,P0/T1,3/11/2004,Inlets Monitoring_IPTM,Dredge Petit Ponnar,37.0102,-7.8027,,27.1,72.9,0,-0.892,1.6,-0.52,1.531,-0.243,-4.243,,Approximate coordinates by geo-referencing
2,881A,P0/T2(A),3/11/2004,Inlets Monitoring_IPTM,Dredge Petit Ponnar,37.0095,-7.8016,-9.3,0.1,17.4,82.5,5.002,2.509,-0.027,1.157,4.477,1.247,,Approximate coordinates by geo-referencing
3,882A,P0/T2(B),3/11/2004,Inlets Monitoring_IPTM,Dredge Petit Ponnar,37.0095,-7.8016,-9.3,19.2,80.6,0.2,-0.222,1.213,-0.474,1.672,0.247,-3.743,,Approximate coordinates by geo-referencing
4,883A,P0/T3,3/11/2004,Inlets Monitoring_IPTM,Dredge Petit Ponnar,37.0088,-7.8005,-7.7,5,94.9,0.1,0.505,0.842,-0.117,0.963,0.747,,,Approximate coordinates by geo-referencing
5,884A,P0/T4,3/11/2004,Inlets Monitoring_IPTM,Dredge Petit Ponnar,37.0081,-7.7994,-0.7,1.4,98.5,0.1,0.694,0.651,0.006,1.109,0.747,,,Approximate coordinates by geo-referencing
6,885A,P0/T5,3/11/2004,Inlets Monitoring_IPTM,Dredge Petit Ponnar,37.0073,-7.7982,-2.1,0.1,99.8,0.1,1.366,0.59,-0.078,1.039,1.247,,,Approximate coordinates by geo-referencing
7,886A,P0/T6,3/11/2004,Inlets Monitoring_IPTM,Dredge Petit Ponnar,37.0066,-7.7971,-2.8,0.6,99.3,0.1,0.788,0.602,-0.036,1.055,0.747,,,Approximate coordinates by geo-referencing
8,887A,P2/T1,3/11/2004,Inlets Monitoring_IPTM,Dredge Petit Ponnar,37.0093,-7.8038,-3,1.2,98.7,0.1,1.794,0.615,-0.282,1.205,2.237,,,Approximate coordinates by geo-referencing
9,888A,P2/T2,3/11/2004,Inlets Monitoring_IPTM,Dredge Petit Ponnar,37.0086,-7.8027,-3.5,3,96.9,0.1,1.106,0.822,-0.227,1.072,1.247,,,Approximate coordinates by geo-referencing
10,889A,P2/T3,3/11/2004,Inlets Monitoring_IPTM,Dredge Petit Ponnar,37.0079,-7.8016,1.1,8.9,91,0.1,-0.028,0.761,-0.012,1.041,-0.243,,,Approximate coordinates by geo-referencing
11,890A,P2/T4,3/11/2004,Inlets Monitoring_IPTM,Dredge Petit Ponnar,37.0072,-7.8005,1.2,0.6,99.3,0.1,0.906,0.654,-0.037,1.088,0.747,,,Approximate coordinates by geo-referencing
12,891A,P2/T5,3/11/2004,Inlets Monitoring_IPTM,Dredge Petit Ponnar,37.0064,-7.7994,1.2,3,96.9,0.1,0.906,0.877,-0.111,1.014,1.247,,,Approximate coordinates by geo-referencing
13,892A,P2/T6,3/11/2004,Inlets Monitoring_IPTM,Dredge Petit Ponnar,37.0057,-7.7982,1.1,0.4,99.5,0.1,1.064,0.648,-0.074,1.126,1.247,,,Approximate coordinates by geo-referencing
14,893A,P1/T1,3/11/2004,Inlets Monitoring_IPTM,Dredge Petit Ponnar,37.0084,-7.805,-0.9,12.8,87.2,0,0.141,1.028,0.023,0.986,-0.243,,,Approximate coordinates by geo-referencing
15,894A,P1/T2,3/11/2004,Inlets Monitoring_IPTM,Dredge Petit Ponnar,37.0077,-7.8039,-1.1,19.8,80.1,0.1,-0.008,1.366,-0.261,1.241,0.747,,,Approximate coordinates by geo-referencing
16,895A,P1/T3,3/17/2004,Inlets Monitoring_IPTM,Dredge Petit Ponnar,37.007,-7.8027,1,14.1,85.9,0,-0.061,1.152,-0.216,1.761,-0.243,-4.243,,Approximate coordinates by geo-referencing
17,896A,P1/T4,3/17/2004,Inlets Monitoring_IPTM,Dredge Petit Ponnar,37.0063,-7.8016,0.8,4.3,95.6,0.1,0.894,0.955,-0.118,0.951,1.747,0.747,,Approximate coordinates by geo-referencing
18,897A,P1/T5,3/17/2004,Inlets Monitoring_IPTM,Dredge Petit Ponnar,37.0055,-7.8005,0.5,0.9,99,0.1,1.046,0.901,0.173,1.052,0.747,2.237,,Approximate coordinates by geo-referencing
19,898A,P1/T6,3/17/2004,Inlets Monitoring_IPTM,Dredge Petit Ponnar,37.0048,-7.7994,0.3,6.7,93.2,0.1,0.755,0.894,-0.338,1.496,1.247,,,Approximate coordinates by geo-referencing
20,899A,P3/T1,3/12/2004,Inlets Monitoring_IPTM,Dredge Petit Ponnar,37.0111,-7.8016,-4.6,6,93.9,0.1,0.984,0.985,-0.282,1.208,1.247,,,Approximate coordinates by geo-referencing
21,900A,P3/T2,3/12/2004,Inlets Monitoring_IPTM,Dredge Petit Ponnar,37.0104,-7.8005,-3.8,6.9,93,0.1,0.544,0.966,-0.225,1.352,0.747,,,Approximate coordinates by geo-referencing
22,901A,P3/T3,3/17/2004,Inlets Monitoring_IPTM,Dredge Petit Ponnar,37.0097,-7.7994,-4.9,9.5,90.5,0,0.367,0.934,-0.372,1.317,0.747,,,Approximate coordinates by geo-referencing
23,902A,P3/T4,3/17/2004,Inlets Monitoring_IPTM,Dredge Petit Ponnar,37.0089,-7.7982,-9.8,4.5,95.5,0,0.056,0.708,0.098,1.056,-0.243,,,Approximate coordinates by geo-referencing
24,903A,P3/T5,3/17/2004,Inlets Monitoring_IPTM,Dredge Petit Ponnar,37.0082,-7.7971,-4.5,1.5,98.5,0,0.4,0.617,-0.094,1.027,0.747,,,Approximate coordinates by geo-referencing
25,904A,P3/T6,3/17/2004,Inlets Monitoring_IPTM,Dredge Petit Ponnar,37.0075,-7.796,-4.2,17.3,82.7,0,-0.117,1.144,-0.275,1.428,0.247,,,Approximate coordinates by geo-referencing
26,905A,P4/T1,3/12/2004,Inlets Monitoring_IPTM,Dredge Petit Ponnar,37.012,-7.8005,1.2,0.2,99.8,0,1.906,0.559,-0.299,1.098,2.237,,,Approximate coordinates by geo-referencing
27,906A,P4/T2,3/12/2004,Inlets Monitoring_IPTM,Dredge Petit Ponnar,37.0113,-7.7993,1,0.1,99.8,0.1,1.693,0.584,-0.162,0.972,1.747,,,Approximate coordinates by geo-referencing
28,907A,P4/T3,3/17/2004,Inlets Monitoring_IPTM,Dredge Petit Ponnar,37.0106,-7.7982,1.2,0.1,99.9,0,2.015,0.39,-0.305,0.948,2.237,,,Approximate coordinates by geo-referencing
29,908A,P4/T4,3/17/2004,Inlets Monitoring_IPTM,Dredge Petit Ponnar,37.0098,-7.7971,0.6,0.9,99.1,0,1.557,0.704,-0.261,1.088,1.747,,,Approximate coordinates by geo-referencing
30,909A,P4/T5,3/17/2004,Inlets Monitoring_IPTM,Dredge Petit Ponnar,37.0091,-7.796,-2.9,1.3,98.7,0,1.382,0.639,-0.28,1.347,1.747,,,Approximate coordinates by geo-referencing
31,910A,P4/T6,3/17/2004,Inlets Monitoring_IPTM,Dredge Petit Ponnar,37.0084,-7.7949,-1.7,4.2,95.8,0,1.04,0.871,-0.342,1.158,1.247,,,Approximate coordinates by geo-referencing
32,911A,P0/T1,11/4/2004,Inlets Monitoring_IPTM,Dredge Petit Ponnar,37.0102,-7.8027,,5.8,94.2,0,0.375,0.697,-0.283,1.308,0.747,,,Approximate coordinates by geo-referencing
33,912A,P0/T2,11/4/2004,Inlets Monitoring_IPTM,Dredge Petit Ponnar,37.0095,-7.8016,,12.3,87.7,0,-0.388,0.585,0.059,1.07,-0.243,,,Approximate coordinates by geo-referencing
34,913A,P0/T3,11/4/2004,Inlets Monitoring_IPTM,Dredge Petit Ponnar,37.0088,-7.8005,,9.8,90.2,0,0.678,1.391,-0.358,1.712,1.247,-4.243,,Approximate coordinates by geo-referencing
35,914A,P0/T4,11/4/2004,Inlets Monitoring_IPTM,Dredge Petit Ponnar,37.0081,-7.7994,,2.5,97.5,0,0.496,0.759,-0.053,1.044,0.747,,,Approximate coordinates by geo-referencing
36,915A,P0/T5,11/2/2004,Inlets Monitoring_IPTM,Dredge Petit Ponnar,37.0073,-7.7982,,0.3,99.7,0,2.093,0.431,-0.164,1.153,2.237,,,Approximate coordinates by geo-referencing
37,916A,P0/T6,11/2/2004,Inlets Monitoring_IPTM,Dredge Petit Ponnar,37.0066,-7.7971,,3.4,96.6,0,0.41,0.781,-0.016,1.059,0.747,,,Approximate coordinates by geo-referencing
38,917A,P2/T1,11/4/2004,Inlets Monitoring_IPTM,Dredge Petit Ponnar,37.0093,-7.8038,,2.8,97.2,0,1.415,0.866,-0.394,1.351,1.747,,,Approximate coordinates by geo-referencing
39,918A,P2/T2,11/4/2004,Inlets Monitoring_IPTM,Dredge Petit Ponnar,37.0086,-7.8027,,6.3,93.7,0,0.568,0.929,-0.181,1.042,0.747,,,Approximate coordinates by geo-referencing
40,919A,P2/T3,11/4/2004,Inlets Monitoring_IPTM,Dredge Petit Ponnar,37.0079,-7.8016,,3.5,96.5,0,0.553,0.647,-0.189,1.18,0.747,,,Approximate coordinates by geo-referencing
41,920A,P2/T4,11/4/2004,Inlets Monitoring_IPTM,Dredge Petit Ponnar,37.0072,-7.8005,,6.5,93.5,0,0.358,0.867,-0.072,0.969,0.747,,,Approximate coordinates by geo-referencing
42,921A,P2/T5,11/2/2004,Inlets Monitoring_IPTM,Dredge Petit Ponnar,37.0064,-7.7994,,9.9,90.1,0,0.882,1.381,-0.379,0.94,1.747,-0.243,-4.243,Approximate coordinates by geo-referencing
43,922A,P2/T6,11/2/2004,Inlets Monitoring_IPTM,Dredge Petit Ponnar,37.0057,-7.7982,,2,98,0,1.556,0.762,-0.238,1.071,1.747,,,Approximate coordinates by geo-referencing
44,923A,P1/T1,11/4/2004,Inlets Monitoring_IPTM,Dredge Petit Ponnar,37.0084,-7.805,,12.8,87.2,0,0.576,1.286,-0.359,1.097,1.247,,,Approximate coordinates by geo-referencing
45,924A,P1/T2,11/4/2004,Inlets Monitoring_IPTM,Dredge Petit Ponnar,37.0077,-7.8039,,0.1,99.9,0,1.02,0.522,-0.055,1.036,1.247,,,Approximate coordinates by geo-referencing
46,925A,P1/T3,11/4/2004,Inlets Monitoring_IPTM,Dredge Petit Ponnar,37.007,-7.8027,,3.7,96.3,0,0.624,0.843,-0.115,0.992,0.747,,,Approximate coordinates by geo-referencing
47,926A,P1/T4,11/4/2004,Inlets Monitoring_IPTM,Dredge Petit Ponnar,37.0063,-7.8016,,2.9,97.1,0,0.653,0.873,-0.061,0.925,0.747,,,Approximate coordinates by geo-referencing
48,927A,P1/T5,11/2/2005,Inlets Monitoring_IPTM,Dredge Petit Ponnar,37.0055,-7.8005,,0.1,99.9,0,1.324,0.685,-0.061,0.891,1.747,,,Approximate coordinates by geo-referencing
49,928A,P1/T6,11/2/2005,Inlets Monitoring_IPTM,Dredge Petit Ponnar,37.0048,-7.7994,,0.7,99.3,0,1.32,0.713,0.028,1.044,1.247,,,Approximate coordinates by geo-referencing
50,929A,P3/T1,11/4/2004,Inlets Monitoring_IPTM,Dredge Petit Ponnar,37.0111,-7.8016,,10.8,89.2,0,0.563,1.201,-0.329,1.096,1.247,,,Approximate coordinates by geo-referencing
51,930A,P3/T2,11/4/2004,Inlets Monitoring_IPTM,Dredge Petit Ponnar,37.0104,-7.8005,,7,93,0,0.747,1.014,-0.367,0.961,1.247,,,Approximate coordinates by geo-referencing
52,931A,P3/T3,11/4/2004,Inlets Monitoring_IPTM,Dredge Petit Ponnar,37.0097,-7.7994,,1.7,98.3,0,0.039,0.5,-0.049,1.02,0.247,,,Approximate coordinates by geo-referencing
53,932A,P3/T4,11/4/2004,Inlets Monitoring_IPTM,Dredge Petit Ponnar,37.0089,-7.7982,,54.9,44.8,0.3,-2.042,2.263,-0.186,0.572,-4.243,-0.243,,Approximate coordinates by geo-referencing
54,933A,P3/T5(A),11/2/2004,Inlets Monitoring_IPTM,Dredge Petit Ponnar,37.0082,-7.7971,,5.4,23.4,71.2,4.343,2.954,-0.165,0.969,4.477,1.247,-3.243,Approximate coordinates by geo-referencing
55,934A,P3/T5(B),11/2/2004,Inlets Monitoring_IPTM,Dredge Petit Ponnar,37.0082,-7.7971,,30.3,69.7,0,-0.29,1.771,-0.361,0.981,0.747,-3.743,,Approximate coordinates by geo-referencing
56,935A,P3/T6,11/2/2004,Inlets Monitoring_IPTM,Dredge Petit Ponnar,37.0075,-7.796,,11.7,88.3,0,0.059,1.029,-0.136,1.46,0.247,1.747,,Approximate coordinates by geo-referencing
57,936A,P4/T1,11/2/2004,Inlets Monitoring_IPTM,Dredge Petit Ponnar,37.012,-7.8005,,0.4,99.6,0,1.371,0.665,-0.143,1.107,1.247,,,Approximate coordinates by geo-referencing
58,937A,P4/T2,11/2/2004,Inlets Monitoring_IPTM,Dredge Petit Ponnar,37.0113,-7.7993,,0.1,99.9,0,1.895,0.409,-0.07,0.983,1.747,,,Approximate coordinates by geo-referencing
59,938A,P4/T3,11/2/2004,Inlets Monitoring_IPTM,Dredge Petit Ponnar,37.0106,-7.7982,,0.5,99.5,0,1.692,0.566,-0.203,1.121,1.747,,,Approximate coordinates by geo-referencing
60,939A,P4/T4,11/2/2004,Inlets Monitoring_IPTM,Dredge Petit Ponnar,37.0098,-7.7971,,4.5,95.5,0,1.664,0.784,-0.381,1.756,1.747,,,Approximate coordinates by geo-referencing
61,940A,P4/T5,11/2/2004,Inlets Monitoring_IPTM,Dredge Petit Ponnar,37.0091,-7.796,,0.6,99.4,0,1.296,0.617,-0.154,1.117,1.247,,,Approximate coordinates by geo-referencing
62,941A,P4/T6,11/2/2004,Inlets Monitoring_IPTM,Dredge Petit Ponnar,37.0084,-7.7949,,11.9,88.1,0,0.81,1.639,-0.597,2.07,1.247,-5.235,,Approximate coordinates by geo-referencing
63,942A,P0/T1,2/2/2005,Inlets Monitoring_IPTM,Dredge Petit Ponnar,37.0102,-7.8027,,3.1,96.9,0,0.296,0.631,-0.075,1.069,0.247,,,Approximate coordinates by geo-referencing
64,943A,P0/T2,2/2/2005,Inlets Monitoring_IPTM,Dredge Petit Ponnar,37.0095,-7.8016,,12.8,87.2,0,-0.362,0.644,0.163,1.087,-0.743,,,Approximate coordinates by geo-referencing
65,944A,P0/T3,2/2/2005,Inlets Monitoring_IPTM,Dredge Petit Ponnar,37.0088,-7.8005,,7.9,92.1,0,0.759,1.136,-0.261,1.032,1.247,,,Approximate coordinates by geo-referencing
66,945A,P0/T4,2/2/2005,Inlets Monitoring_IPTM,Dredge Petit Ponnar,37.0081,-7.7994,,3.3,96.7,0,0.385,0.707,-0.105,1.011,0.747,,,Approximate coordinates by geo-referencing
67,946A,P0/T5,2/2/2005,Inlets Monitoring_IPTM,Dredge Petit Ponnar,37.0073,-7.7982,,2.8,97.2,0,0.975,0.977,-0.077,0.891,1.247,,,Approximate coordinates by geo-referencing
68,947A,P0/T6,2/2/2005,Inlets Monitoring_IPTM,Dredge Petit Ponnar,37.0066,-7.7971,,1.5,98.5,0,0.335,0.637,0.001,1.083,0.247,,,Approximate coordinates by geo-referencing
69,948A,P2/T1,2/2/2005,Inlets Monitoring_IPTM,Dredge Petit Ponnar,37.0093,-7.8038,,1.1,98.9,0,0.748,0.738,-0.007,0.967,0.747,,,Approximate coordinates by geo-referencing
70,949A,P2/T2,2/2/2005,Inlets Monitoring_IPTM,Dredge Petit Ponnar,37.0086,-7.8027,,8.9,91.1,0,0.508,1.13,-0.231,1.242,0.747,,,Approximate coordinates by geo-referencing
71,950A,P2/T3,2/2/2005,Inlets Monitoring_IPTM,Dredge Petit Ponnar,37.0079,-7.8016,,3,97,0,0.441,0.776,-0.015,1.055,0.747,,,Approximate coordinates by geo-referencing
72,951A,P2/T4,2/2/2005,Inlets Monitoring_IPTM,Dredge Petit Ponnar,37.0072,-7.8005,,2.2,97.8,0,0.853,0.785,-0.085,,0.747,,,Approximate coordinates by geo-referencing
73,952A,P2/T5,2/2/2005,Inlets Monitoring_IPTM,Dredge Petit Ponnar,37.0064,-7.7994,,0.5,99.5,0,1.94,0.384,-0.087,0.948,1.747,,,Approximate coordinates by geo-referencing
74,953A,P2/T6,2/2/2005,Inlets Monitoring_IPTM,Dredge Petit Ponnar,37.0057,-7.7982,,5.1,94.9,0,1.004,1.026,-0.287,0.968,1.247,,,Approximate coordinates by geo-referencing
75,954A,P1/T1,2/1/2005,Inlets Monitoring_IPTM,Dredge Petit Ponnar,37.0084,-7.805,,5.1,94.9,0,0.465,0.848,-0.03,1.095,0.247,,,Approximate coordinates by geo-referencing
76,955A,P1/T2,2/1/2005,Inlets Monitoring_IPTM,Dredge Petit Ponnar,37.0077,-7.8039,,0.4,99.6,0,1.614,0.614,-0.214,1.158,1.747,,,Approximate coordinates by geo-referencing
77,956A,P1/T3,2/1/2005,Inlets Monitoring_IPTM,Dredge Petit Ponnar,37.007,-7.8027,,4.6,95.4,0,0.445,0.906,0.082,0.92,0.247,,,Approximate coordinates by geo-referencing
78,957A,P1/T4,2/1/2005,Inlets Monitoring_IPTM,Dredge Petit Ponnar,37.0063,-7.8016,,8.3,91.7,0,0.717,1.212,-0.325,2.004,0.747,,,Approximate coordinates by geo-referencing
79,958A,P1/T5,2/1/2005,Inlets Monitoring_IPTM,Dredge Petit Ponnar,37.0055,-7.8005,,0.4,99.6,0,1.072,0.656,0.205,1.048,0.747,,,Approximate coordinates by geo-referencing
80,959A,P1/T6,2/1/2005,Inlets Monitoring_IPTM,Dredge Petit Ponnar,37.0048,-7.7994,,0.1,99.9,0,1.942,0.423,-0.2,0.95,2.237,,,Approximate coordinates by geo-referencing
81,960A,P3/T1,2/1/2005,Inlets Monitoring_IPTM,Dredge Petit Ponnar,37.0111,-7.8016,,13.8,86.2,0,0.379,1.301,-0.358,1.246,1.247,,,Approximate coordinates by geo-referencing
82,961A,P3/T2,2/1/2005,Inlets Monitoring_IPTM,Dredge Petit Ponnar,37.0104,-7.8005,,2.9,97.1,0,0.608,0.815,-0.11,0.928,1.247,0.247,,Approximate coordinates by geo-referencing
83,962A,P3/T3,2/1/2005,Inlets Monitoring_IPTM,Dredge Petit Ponnar,37.0097,-7.7994,,1.3,98.7,0,0.726,0.556,-0.147,1.033,0.747,,,Approximate coordinates by geo-referencing
84,963A,P3/T4(A),2/1/2005,Inlets Monitoring_IPTM,Dredge Petit Ponnar,37.0089,-7.7982,,0.4,26.5,73.1,4.363,2.597,-0.069,0.903,4.477,1.247,,Approximate coordinates by geo-referencing
85,964A,P3/T4(B),2/1/2005,Inlets Monitoring_IPTM,Dredge Petit Ponnar,37.0089,-7.7982,,38.7,60.8,0.5,-1.189,2.181,-0.488,0.712,0.747,-4.731,-3.243,Approximate coordinates by geo-referencing
86,965A,P3/T5,2/1/2005,Inlets Monitoring_IPTM,Dredge Petit Ponnar,37.0082,-7.7971,,0.4,99.6,0,0.918,0.518,0.071,1.083,0.747,,,Approximate coordinates by geo-referencing
87,966A,P3/T6,2/1/2005,Inlets Monitoring_IPTM,Dredge Petit Ponnar,37.0075,-7.796,,9.5,90.5,0,-0.013,0.791,-0.04,1.134,0.247,,,Approximate coordinates by geo-referencing
88,967A,P4/T1,2/2/2005,Inlets Monitoring_IPTM,Dredge Petit Ponnar,37.012,-7.8005,,3.2,96.8,0,0.986,0.918,-0.214,1.011,1.247,,,Approximate coordinates by geo-referencing
89,968A,P4/T2,2/2/2005,Inlets Monitoring_IPTM,Dredge Petit Ponnar,37.0113,-7.7993,,0.2,99.8,0,1.883,0.426,-0.12,0.97,1.747,,,Approximate coordinates by geo-referencing
90,969A,P4/T3,2/2/2005,Inlets Monitoring_IPTM,Dredge Petit Ponnar,37.0106,-7.7982,,0.5,99.3,0.2,1.541,0.612,-0.114,1.088,1.747,,,Approximate coordinates by geo-referencing
91,970A,P4/T4,2/2/2005,Inlets Monitoring_IPTM,Dredge Petit Ponnar,37.0098,-7.7971,,2.7,97,0.3,1.899,0.706,-0.358,1.622,2.237,,,Approximate coordinates by geo-referencing
92,971A,P4/T5,2/2/2005,Inlets Monitoring_IPTM,Dredge Petit Ponnar,37.0091,-7.796,,1.2,98.8,0,1.246,0.605,-0.13,1.076,1.247,,,Approximate coordinates by geo-referencing
93,972A,P4/T6,2/2/2005,Inlets Monitoring_IPTM,Dredge Petit Ponnar,37.0084,-7.7949,,2.4,97.6,0,0.65,0.773,-0.15,0.938,1.247,,,Approximate coordinates by geo-referencing
94,973A,P0/T1,5/10/2005,Inlets Monitoring_IPTM,Dredge Petit Ponnar,37.0102,-7.8027,,1.7,98.3,0,0.029,0.494,-0.031,1.043,0.247,,,Approximate coordinates by geo-referencing
95,974A,P0/T2,5/10/2005,Inlets Monitoring_IPTM,Dredge Petit Ponnar,37.0095,-7.8016,,15.9,84.1,0,0.182,1.359,-0.233,1.415,0.247,-3.243,,Approximate coordinates by geo-referencing
96,975A,P0/T3,5/10/2005,Inlets Monitoring_IPTM,Dredge Petit Ponnar,37.0088,-7.8005,,0.5,99.5,0,1.277,0.666,-0.223,1.119,1.747,,,Approximate coordinates by geo-referencing
97,976A,P0/T4,5/10/2005,Inlets Monitoring_IPTM,Dredge Petit Ponnar,37.0081,-7.7994,,0.5,99.5,0,0.821,0.637,-0.011,1.08,0.747,,,Approximate coordinates by geo-referencing
98,977A,P0/T5,5/10/2005,Inlets Monitoring_IPTM,Dredge Petit Ponnar,37.0073,-7.7982,,36.3,63.7,0,-0.659,2.534,-0.621,0.512,1.247,-4.243,,Approximate coordinates by geo-referencing
99,978A,P2/T1,5/10/2005,Inlets Monitoring_IPTM,Dredge Petit Ponnar,37.0093,-7.8038,,0.9,99.1,0,1.638,0.625,-0.203,1.106,1.747,,,Approximate coordinates by geo-referencing
100,979A,P2/T2,5/10/2005,Inlets Monitoring_IPTM,Dredge Petit Ponnar,37.0086,-7.8027,,0,100,0,1.629,0.58,-0.143,0.953,1.747,,,Approximate coordinates by geo-referencing
101,980A,P2/T3,5/10/2005,Inlets Monitoring_IPTM,Dredge Petit Ponnar,37.0079,-7.8016,,1.5,98.5,0,0.445,0.724,0.053,1.106,0.247,,,Approximate coordinates by geo-referencing
102,981A,P2/T4,5/10/2005,Inlets Monitoring_IPTM,Dredge Petit Ponnar,37.0072,-7.8005,,2.4,97.6,0,0.581,0.778,-0.07,1.037,0.747,,,Approximate coordinates by geo-referencing
103,982A,P2/T5,5/10/2005,Inlets Monitoring_IPTM,Dredge Petit Ponnar,37.0064,-7.7994,,8.9,91.1,0,0.627,1.34,-0.279,1.801,0.747,-3.743,,Approximate coordinates by geo-referencing
104,983A,P1/T1,5/10/2005,Inlets Monitoring_IPTM,Dredge Petit Ponnar,37.0084,-7.805,,5.4,94.6,0,0.534,0.866,-0.143,1.051,0.747,,,Approximate coordinates by geo-referencing
105,984A,P3/T2,5/10/2005,Inlets Monitoring_IPTM,Dredge Petit Ponnar,37.0104,-7.8005,,1.8,98.2,0,0.66,0.793,-0.056,0.926,0.747,,,Approximate coordinates by geo-referencing
106,985A,P3/T3,5/10/2005,Inlets Monitoring_IPTM,Dredge Petit Ponnar,37.0097,-7.7994,,9.2,90.8,0,-0.099,0.667,-0.199,1.126,0.247,,,Approximate coordinates by geo-referencing
107,986A,P3/T4,5/10/2005,Inlets Monitoring_IPTM,Dredge Petit Ponnar,37.0089,-7.7982,,29.1,70.9,0,-0.99,1.964,-0.483,1.448,-0.243,-4.731,,Approximate coordinates by geo-referencing
108,987A,P3/T6,5/10/2005,Inlets Monitoring_IPTM,Dredge Petit Ponnar,37.0075,-7.796,,8.2,91.8,0,-0.214,0.635,0.014,1.065,-0.243,,,Approximate coordinates by geo-referencing
109,988A,P4/T1,5/10/2005,Inlets Monitoring_IPTM,Dredge Petit Ponnar,37.012,-7.8005,,3.1,96.9,0,1.149,0.976,-0.3,0.979,1.747,,,Approximate coordinates by geo-referencing
110,989A,P4/T2,5/10/2005,Inlets Monitoring_IPTM,Dredge Petit Ponnar,37.0113,-7.7993,,0.3,99.7,0,1.679,0.518,-0.139,1.101,1.747,,,Approximate coordinates by geo-referencing
111,990A,P4/T3,5/10/2005,Inlets Monitoring_IPTM,Dredge Petit Ponnar,37.0106,-7.7982,,1.3,98.7,0,1.616,0.633,-0.183,1.162,1.747,,,Approximate coordinates by geo-referencing
112,991A,P4/T4,5/10/2005,Inlets Monitoring_IPTM,Dredge Petit Ponnar,37.0098,-7.7971,,0.4,99.6,0,2.164,0.371,-0.118,1.392,2.237,,,Approximate coordinates by geo-referencing
113,992A,P4/T5,5/10/2005,Inlets Monitoring_IPTM,Dredge Petit Ponnar,37.0091,-7.796,,6.3,93.7,0,0.511,0.913,-0.122,1.024,0.747,,,Approximate coordinates by geo-referencing
114,993A,P4/T6,5/10/2005,Inlets Monitoring_IPTM,Dredge Petit Ponnar,37.0084,-7.7949,,6.4,93.6,0,0.489,0.923,-0.108,0.962,1.247,,,Approximate coordinates by geo-referencing
115,994A,P0/T1,5/10/2005,Inlets Monitoring_IPTM,Dredge Petit Ponnar,37.0102,-7.8027,,8,92,0,-0.1,0.667,-0.151,1.275,-0.243,,,Approximate coordinates by geo-referencing
116,995A,P0/T2,5/10/2005,Inlets Monitoring_IPTM,Dredge Petit Ponnar,37.0095,-7.8016,,2.7,97.3,0,0.53,0.506,-0.142,1.136,0.747,,,Approximate coordinates by geo-referencing
117,996A,P0/T3,5/10/2005,Inlets Monitoring_IPTM,Dredge Petit Ponnar,37.0088,-7.8005,,0.2,99.8,0,1.491,0.51,-0.077,1.037,1.747,,,Approximate coordinates by geo-referencing
118,997A,P0/T4,5/10/2005,Inlets Monitoring_IPTM,Dredge Petit Ponnar,37.0081,-7.7994,,0.6,99.4,0,0.684,0.661,0.044,1.043,0.747,,,Approximate coordinates by geo-referencing
119,998A,P0/T5,5/10/2005,Inlets Monitoring_IPTM,Dredge Petit Ponnar,37.0073,-7.7982,,0.2,99.8,0,0.98,0.587,-0.068,0.958,1.247,,,Approximate coordinates by geo-referencing
120,999A,P0/T6,5/10/2005,Inlets Monitoring_IPTM,Dredge Petit Ponnar,37.0066,-7.7971,,1.5,98.5,0,1.098,0.766,-0.057,1.019,1.247,,,Approximate coordinates by geo-referencing
121,1000A,P2/T1,5/10/2005,Inlets Monitoring_IPTM,Dredge Petit Ponnar,37.0093,-7.8038,,0.7,99.3,0,1.667,0.641,-0.268,1.224,1.747,,,Approximate coordinates by geo-referencing
122,1001A,P2/T2,5/10/2005,Inlets Monitoring_IPTM,Dredge Petit Ponnar,37.0086,-7.8027,,11.9,88.1,0,0.404,1.343,-0.408,2.047,0.747,-4.243,,Approximate coordinates by geo-referencing
123,1002A,P2/T3,5/10/2005,Inlets Monitoring_IPTM,Dredge Petit Ponnar,37.0079,-7.8016,,5.1,94.9,0,0.431,0.807,-0.116,1.009,0.747,,,Approximate coordinates by geo-referencing
124,1003A,P2/T4,5/10/2005,Inlets Monitoring_IPTM,Dredge Petit Ponnar,37.0072,-7.8005,,1.5,98.5,0,0.707,0.689,-0.049,1.008,0.747,,,Approximate coordinates by geo-referencing
125,1004A,P2/T5,5/10/2005,Inlets Monitoring_IPTM,Dredge Petit Ponnar,37.0064,-7.7994,,1.1,98.9,0,0.955,0.85,-0.109,0.902,1.247,,,Approximate coordinates by geo-referencing
126,1005A,P2/T6,5/10/2005,Inlets Monitoring_IPTM,Dredge Petit Ponnar,37.0057,-7.7982,,1,99,0,1.788,0.613,-0.285,1.347,1.747,,,Approximate coordinates by geo-referencing
127,1006A,P1/T1,5/10/2005,Inlets Monitoring_IPTM,Dredge Petit Ponnar,37.0084,-7.805,,2.8,97.2,0,0.618,0.803,-0.075,0.981,0.747,,,Approximate coordinates by geo-referencing
128,1007A,P1/T2,5/10/2005,Inlets Monitoring_IPTM,Dredge Petit Ponnar,37.0077,-7.8039,,0,100,0,1.69,0.525,-0.122,0.971,1.747,,,Approximate coordinates by geo-referencing
129,1008A,P1/T3,5/10/2005,Inlets Monitoring_IPTM,Dredge Petit Ponnar,37.007,-7.8027,,3,97,0,1.105,0.938,-0.235,0.964,1.747,,,Approximate coordinates by geo-referencing
130,1009A,P1/T4,5/10/2005,Inlets Monitoring_IPTM,Dredge Petit Ponnar,37.0063,-7.8016,,6.4,93.6,0,0.985,1.06,-0.199,1.483,0.747,,,Approximate coordinates by geo-referencing
131,1010A,P1/T5,5/10/2005,Inlets Monitoring_IPTM,Dredge Petit Ponnar,37.0055,-7.8005,,1.5,98.5,0,1.136,0.839,0.182,1.035,0.747,2.237,,Approximate coordinates by geo-referencing
132,1011A,P1/T6,5/10/2005,Inlets Monitoring_IPTM,Dredge Petit Ponnar,37.0048,-7.7994,,9.5,90.5,0,0.599,1.23,-0.102,1.286,0.747,2.237,,Approximate coordinates by geo-referencing
133,1012A,P3/T1,5/10/2005,Inlets Monitoring_IPTM,Dredge Petit Ponnar,37.0111,-7.8016,,6.7,93.3,0,0.326,0.823,-0.096,1.084,0.247,,,Approximate coordinates by geo-referencing
134,1013A,P3/T2,5/10/2005,Inlets Monitoring_IPTM,Dredge Petit Ponnar,37.0104,-7.8005,,4.3,95.7,0,0.871,0.732,-0.317,1.386,1.247,,,Approximate coordinates by geo-referencing
135,1014A,P3/T3,5/10/2005,Inlets Monitoring_IPTM,Dredge Petit Ponnar,37.0097,-7.7994,,30.2,69.8,0,,2.18,-0.669,0.784,0.747,-4.731,-3.743,Approximate coordinates by geo-referencing
136,1015A,P3/T4,5/10/2005,Inlets Monitoring_IPTM,Dredge Petit Ponnar,37.0089,-7.7982,,28.3,68.9,2.8,-0.806,2.001,-0.465,1.343,0.747,-4.731,,Approximate coordinates by geo-referencing
137,1016A,P3/T5,5/10/2005,Inlets Monitoring_IPTM,Dredge Petit Ponnar,37.0082,-7.7971,,1.5,98.5,0,1.029,0.733,-0.135,1.164,1.247,,,Approximate coordinates by geo-referencing
138,1017A,P3/T6,5/10/2005,Inlets Monitoring_IPTM,Dredge Petit Ponnar,37.0075,-7.796,,13.4,86.6,0,-0.2,0.789,0.018,1.124,-0.243,,,Approximate coordinates by geo-referencing
139,1018A,P4/T1,5/10/2005,Inlets Monitoring_IPTM,Dredge Petit Ponnar,37.012,-7.8005,,1,99,0,1.347,0.733,-0.251,1.177,1.747,,,Approximate coordinates by geo-referencing
140,1019A,P4/T2,5/10/2005,Inlets Monitoring_IPTM,Dredge Petit Ponnar,37.0113,-7.7993,,0.3,99.7,0,1.638,0.531,-0.123,1.051,1.747,,,Approximate coordinates by geo-referencing
141,1020A,P4/T3,5/10/2005,Inlets Monitoring_IPTM,Dredge Petit Ponnar,37.0106,-7.7982,,1.1,98.9,0,1.435,0.731,-0.282,1.249,1.747,,,Approximate coordinates by geo-referencing
142,1021A,P4/T4,5/10/2005,Inlets Monitoring_IPTM,Dredge Petit Ponnar,37.0098,-7.7971,,0.1,99.9,0,2.162,0.36,-0.126,1.412,2.237,,,Approximate coordinates by geo-referencing
143,1022A,P4/T5,5/10/2005,Inlets Monitoring_IPTM,Dredge Petit Ponnar,37.0091,-7.796,,7.2,92.8,0,0.391,0.802,-0.241,1.121,0.747,,,Approximate coordinates by geo-referencing
144,1023A,P4/T6,5/10/2005,Inlets Monitoring_IPTM,Dredge Petit Ponnar,37.0084,-7.7949,,0.8,99.2,0,0.868,0.693,-0.2,1.001,1.247,,,Approximate coordinates by geo-referencing
145,1024A,P0/T1,6/8/2005,Inlets Monitoring_IPTM,Dredge Petit Ponnar,37.0102,-7.8027,,5.7,94.3,0,0.019,0.643,-0.078,0.995,0.247,,,Approximate coordinates by geo-referencing
146,1025A,P0/T2,6/8/2005,Inlets Monitoring_IPTM,Dredge Petit Ponnar,37.0095,-7.8016,,0.5,99.5,0,0.016,0.457,-0.017,1.03,0.247,,,Approximate coordinates by geo-referencing
147,1026A,P0/T3,6/8/2005,Inlets Monitoring_IPTM,Dredge Petit Ponnar,37.0088,-7.8005,,1.9,98.1,0,0.675,0.687,-0.083,1.016,0.747,,,Approximate coordinates by geo-referencing
148,1027A,P0/T4,6/8/2005,Inlets Monitoring_IPTM,Dredge Petit Ponnar,37.0081,-7.7994,,1.7,98.3,0,1.661,0.778,-0.272,1.094,2.237,,,Approximate coordinates by geo-referencing
149,1028A,P0/T5,6/8/2005,Inlets Monitoring_IPTM,Dredge Petit Ponnar,37.0073,-7.7982,,0.2,99.8,0,2.005,0.396,-0.209,0.951,2.237,,,Approximate coordinates by geo-referencing
150,1029A,P0/T6,6/8/2005,Inlets Monitoring_IPTM,Dredge Petit Ponnar,37.0066,-7.7971,,0.7,99.3,0,1.71,0.629,-0.306,1.438,1.747,,,Approximate coordinates by geo-referencing
151,1030A,P2/T1,6/8/2005,Inlets Monitoring_IPTM,Dredge Petit Ponnar,37.0093,-7.8038,,1.8,98.2,0,1.632,0.706,-0.313,1.279,1.747,,,Approximate coordinates by geo-referencing
152,1031A,P2/T2,6/8/2005,Inlets Monitoring_IPTM,Dredge Petit Ponnar,37.0086,-7.8027,,11.1,88.9,0,0.666,1.351,-0.412,1.714,1.247,,,Approximate coordinates by geo-referencing
153,1032A,P2/T3,6/8/2005,Inlets Monitoring_IPTM,Dredge Petit Ponnar,37.0079,-7.8016,,13.7,86.3,0,0.032,0.981,-0.072,1.049,0.247,,,Approximate coordinates by geo-referencing
154,1033A,P2/T4,6/8/2005,Inlets Monitoring_IPTM,Dredge Petit Ponnar,37.0072,-7.8005,,3.1,96.9,0,0.833,0.751,-0.054,1.018,0.747,,,Approximate coordinates by geo-referencing
155,1034A,P2/T5,6/8/2005,Inlets Monitoring_IPTM,Dredge Petit Ponnar,37.0064,-7.7994,,5.8,94.2,0,0.638,1.061,0.024,0.912,0.247,1.247,,Approximate coordinates by geo-referencing
156,1035A,P2/T6,6/8/2005,Inlets Monitoring_IPTM,Dredge Petit Ponnar,37.0057,-7.7982,,1.3,98.6,0.1,2.075,0.509,-0.24,1.295,2.237,,,Approximate coordinates by geo-referencing
157,1036A,P1/T1,6/8/2005,Inlets Monitoring_IPTM,Dredge Petit Ponnar,37.0084,-7.805,,2.7,97.3,0,0.55,0.725,-0.044,1.132,0.747,,,Approximate coordinates by geo-referencing
158,1037A,P1/T2,6/8/2005,Inlets Monitoring_IPTM,Dredge Petit Ponnar,37.0077,-7.8039,,0.1,99.9,0,1.61,0.589,-0.153,1.014,1.747,,,Approximate coordinates by geo-referencing
159,1038A,P1/T3,6/8/2005,Inlets Monitoring_IPTM,Dredge Petit Ponnar,37.007,-7.8027,,33.2,66.8,0,-0.651,1.983,-0.331,0.85,0.247,-3.743,-2.243,Approximate coordinates by geo-referencing
160,1039A,P1/T4,6/8/2005,Inlets Monitoring_IPTM,Dredge Petit Ponnar,37.0063,-7.8016,,7.9,92.1,0,0.655,1.028,-0.241,1.449,0.747,,,Approximate coordinates by geo-referencing
161,1040A,P1/T5,6/8/2005,Inlets Monitoring_IPTM,Dredge Petit Ponnar,37.0055,-7.8005,,1.7,98.3,0,1.231,0.789,0.17,0.951,0.747,2.237,,Approximate coordinates by geo-referencing
162,1041A,P1/T6,6/8/2005,Inlets Monitoring_IPTM,Dredge Petit Ponnar,37.0048,-7.7994,,10.5,89.5,0,0.227,1.046,-0.084,1.356,0.247,2.237,,Approximate coordinates by geo-referencing
163,1042A,P3/T1,6/8/2005,Inlets Monitoring_IPTM,Dredge Petit Ponnar,37.0111,-7.8016,,27.8,72.2,0,-0.36,1.703,-0.259,1.255,-0.243,-4.243,-3.243,Approximate coordinates by geo-referencing
164,1043A,P3/T2,6/8/2005,Inlets Monitoring_IPTM,Dredge Petit Ponnar,37.0104,-7.8005,,0.7,99.3,0.1,0.747,0.611,-0.139,0.966,0.747,,,Approximate coordinates by geo-referencing
165,1044A,P3/T3,6/8/2005,Inlets Monitoring_IPTM,Dredge Petit Ponnar,37.0097,-7.7994,,5.2,94.8,0,0.98,1.051,-0.325,0.869,1.747,0.247,,Approximate coordinates by geo-referencing
166,1045A,P3/T4,6/8/2005,Inlets Monitoring_IPTM,Dredge Petit Ponnar,37.0089,-7.7982,,27.3,72.7,0,-0.513,1.652,-0.463,1.178,0.747,-3.743,,Approximate coordinates by geo-referencing
167,1046A,P3/T5,6/8/2005,Inlets Monitoring_IPTM,Dredge Petit Ponnar,37.0082,-7.7971,,3.9,96,0.1,0.511,0.726,-0.126,1.158,0.747,,,Approximate coordinates by geo-referencing
168,1047A,P3/T6,6/8/2005,Inlets Monitoring_IPTM,Dredge Petit Ponnar,37.0075,-7.796,,13.9,86.1,0,0.117,1.037,-0.037,0.931,-0.243,,,Approximate coordinates by geo-referencing
169,1048A,P4/T1,6/8/2005,Inlets Monitoring_IPTM,Dredge Petit Ponnar,37.012,-7.8005,,0.7,99.3,0,0.814,0.594,-0.044,1.142,0.747,,,Approximate coordinates by geo-referencing
170,1049A,P4/T2,6/8/2005,Inlets Monitoring_IPTM,Dredge Petit Ponnar,37.0113,-7.7993,,0.5,99.5,0.1,1.604,0.571,-0.184,1.136,1.747,,,Approximate coordinates by geo-referencing
171,1050A,P4/T3,6/8/2005,Inlets Monitoring_IPTM,Dredge Petit Ponnar,37.0106,-7.7982,,0.6,99.4,0.1,1.631,0.619,-0.182,1.083,1.747,,,Approximate coordinates by geo-referencing
172,1051A,P4/T4,6/8/2005,Inlets Monitoring_IPTM,Dredge Petit Ponnar,37.0098,-7.7971,,0,99.9,0.1,2.276,0.338,0.06,1.429,2.237,,,Approximate coordinates by geo-referencing
173,1052A,P4/T5,6/8/2005,Inlets Monitoring_IPTM,Dredge Petit Ponnar,37.0091,-7.796,,2.9,97.1,0.1,0.998,0.837,-0.247,1.112,1.247,,,Approximate coordinates by geo-referencing
174,1053A,P4/T6,6/8/2005,Inlets Monitoring_IPTM,Dredge Petit Ponnar,37.0084,-7.7949,,6.1,93.9,0,0.552,0.952,-0.143,0.92,1.247,,,Approximate coordinates by geo-referencing
175,1054A,P0/T1,7/5/2005,Inlets Monitoring_IPTM,Dredge Petit Ponnar,37.0102,-7.8027,,22.5,77.5,0,-0.505,1.121,-0.299,2.1,-0.243,-4.243,,Approximate coordinates by geo-referencing
176,1055A,P0/T2,7/5/2005,Inlets Monitoring_IPTM,Dredge Petit Ponnar,37.0095,-7.8016,,6.9,93.1,0,-0.137,0.641,-0.006,1.017,-0.243,,,Approximate coordinates by geo-referencing
177,1056A,P0/T3,7/5/2005,Inlets Monitoring_IPTM,Dredge Petit Ponnar,37.0088,-7.8005,,6.9,93.1,0,0.733,0.997,-0.252,1.095,1.247,,,Approximate coordinates by geo-referencing
178,1057A,P0/T4,7/5/2005,Inlets Monitoring_IPTM,Dredge Petit Ponnar,37.0081,-7.7994,,0.6,99.4,0,1.144,0.617,-0.099,1.023,1.247,,,Approximate coordinates by geo-referencing
179,1059A,P0/T5,7/5/2005,Inlets Monitoring_IPTM,Dredge Petit Ponnar,37.0073,-7.7982,,0.1,99.9,0,1.445,0.661,-0.09,0.965,1.747,,,Approximate coordinates by geo-referencing
180,1060A,P0/T6,7/5/2005,Inlets Monitoring_IPTM,Dredge Petit Ponnar,37.0066,-7.7971,,2.9,97.1,0,0.982,0.712,-0.147,1.061,1.247,,,Approximate coordinates by geo-referencing
181,1061A,P2/T1,7/5/2005,Inlets Monitoring_IPTM,Dredge Petit Ponnar,37.0093,-7.8038,,2.4,97.6,0,1.641,0.722,-0.333,1.486,1.747,,,Approximate coordinates by geo-referencing
182,1062A,P2/T2,7/5/2005,Inlets Monitoring_IPTM,Dredge Petit Ponnar,37.0086,-7.8027,,0.7,99.3,0,0.908,0.685,-0.105,1.088,1.247,,,Approximate coordinates by geo-referencing
183,1063A,P2/T3,7/5/2005,Inlets Monitoring_IPTM,Dredge Petit Ponnar,37.0079,-7.8016,,2.9,97.1,0,0.525,0.776,-0.077,1.094,0.747,,,Approximate coordinates by geo-referencing
184,1064A,P2/T4,7/5/2005,Inlets Monitoring_IPTM,Dredge Petit Ponnar,37.0072,-7.8005,,1.8,98.2,0,0.632,0.746,0.022,1.055,0.747,,,Approximate coordinates by geo-referencing
185,1065A,P2/T5,7/5/2005,Inlets Monitoring_IPTM,Dredge Petit Ponnar,37.0064,-7.7994,,1.3,98.7,0,0.862,0.969,-0.008,0.834,1.247,0.247,,Approximate coordinates by geo-referencing
186,1066A,P2/T6,7/5/2005,Inlets Monitoring_IPTM,Dredge Petit Ponnar,37.0057,-7.7982,,0.1,99.9,0,2.334,0.378,0.066,1.213,2.237,,,Approximate coordinates by geo-referencing
187,1067A,P1/T1,7/5/2005,Inlets Monitoring_IPTM,Dredge Petit Ponnar,37.0084,-7.805,,4.3,95.7,0,0.497,0.807,-0.072,1.041,0.747,,,Approximate coordinates by geo-referencing
188,1068A,P1/T2,7/5/2005,Inlets Monitoring_IPTM,Dredge Petit Ponnar,37.0077,-7.8039,,1.5,98.5,0,1.201,0.883,-0.263,0.932,1.747,,,Approximate coordinates by geo-referencing
189,1069A,P1/T3,7/5/2005,Inlets Monitoring_IPTM,Dredge Petit Ponnar,37.007,-7.8027,,42.7,57.3,0,-0.698,1.478,0.062,0.86,-0.743,-2.243,0.747,Approximate coordinates by geo-referencing
190,1070A,P1/T4,7/5/2005,Inlets Monitoring_IPTM,Dredge Petit Ponnar,37.0063,-7.8016,,15,85,0,0.523,1.634,-0.357,1.924,0.747,2.237,-4.243,Approximate coordinates by geo-referencing
191,1071A,P1/T5,7/5/2005,Inlets Monitoring_IPTM,Dredge Petit Ponnar,37.0055,-7.8005,,0.3,99.7,0,1.277,0.767,0.143,0.837,0.747,2.237,,Approximate coordinates by geo-referencing
192,1072A,P1/T6,7/5/2005,Inlets Monitoring_IPTM,Dredge Petit Ponnar,37.0048,-7.7994,,6.3,93.7,0,0.216,0.949,0.177,1.132,-0.243,2.237,,Approximate coordinates by geo-referencing
193,1073A,P3/T1,7/6/2005,Inlets Monitoring_IPTM,Dredge Petit Ponnar,37.0111,-7.8016,,6.2,93.8,0,0.465,0.885,-0.139,1.029,0.747,,,Approximate coordinates by geo-referencing
194,1074A,P3/T2,7/6/2005,Inlets Monitoring_IPTM,Dredge Petit Ponnar,37.0104,-7.8005,,1,99,0,1.035,0.519,-0.201,1.153,1.247,,,Approximate coordinates by geo-referencing
195,1075A,P3/T3,7/6/2005,Inlets Monitoring_IPTM,Dredge Petit Ponnar,37.0097,-7.7994,,1.3,98.7,0,0.898,0.81,-0.228,0.917,1.247,,,Approximate coordinates by geo-referencing
196,1076A,P3/T4,7/6/2005,Inlets Monitoring_IPTM,Dredge Petit Ponnar,37.0089,-7.7982,,7.6,92.4,0,0.242,0.847,-0.098,0.995,0.247,,,Approximate coordinates by geo-referencing
197,1077A,P3/T5,7/5/2005,Inlets Monitoring_IPTM,Dredge Petit Ponnar,37.0082,-7.7971,,35.4,64.6,0,-0.225,2.65,-0.65,0.495,-4.243,1.747,,Approximate coordinates by geo-referencing
198,1078A,P3/T6,7/6/2005,Inlets Monitoring_IPTM,Dredge Petit Ponnar,37.0075,-7.796,,4,96,0,0.502,0.802,-0.146,1.031,0.747,,,Approximate coordinates by geo-referencing
199,1079A,P4/T1,7/6/2005,Inlets Monitoring_IPTM,Dredge Petit Ponnar,37.012,-7.8005,,1.4,98.6,0,1.35,0.678,-0.128,1.141,1.247,,,Approximate coordinates by geo-referencing
200,1080A,P4/T2,7/6/2005,Inlets Monitoring_IPTM,Dredge Petit Ponnar,37.0113,-7.7993,,0.4,99.6,0,1.626,0.562,-0.129,1.031,1.747,,,Approximate coordinates by geo-referencing
201,1081A,P4/T3,7/6/2005,Inlets Monitoring_IPTM,Dredge Petit Ponnar,37.0106,-7.7982,,0.8,99.2,0,1.703,0.553,-0.16,1.057,1.747,,,Approximate coordinates by geo-referencing
202,1082A,P4/T4,7/6/2005,Inlets Monitoring_IPTM,Dredge Petit Ponnar,37.0098,-7.7971,,2.1,97.9,0,2.157,0.393,-0.174,1.538,2.237,,,Approximate coordinates by geo-referencing
203,1083A,P4/T5,7/6/2005,Inlets Monitoring_IPTM,Dredge Petit Ponnar,37.0091,-7.796,,2.6,97.4,0,1.014,0.822,-0.27,1.044,1.247,,,Approximate coordinates by geo-referencing
204,1084A,P4/T6,7/6/2005,Inlets Monitoring_IPTM,Dredge Petit Ponnar,37.0084,-7.7949,,4.4,95.6,0,0.674,0.821,-0.153,1.053,0.747,,,Approximate coordinates by geo-referencing
205,863A,1,1/7/2001,Inlets Monitoring_IPTM,Dredge Petit Ponnar,36.9717,-7.8684,-7.8,0.7,99.3,0,0.566,0.466,-1.111,5.431,,,,
206,864A,2,1/7/2001,Inlets Monitoring_IPTM,Dredge Petit Ponnar,36.9726,-7.8689,-9.5,15.95,84.05,0,0.336,1.217,-1.725,5.176,,,,
207,865A,3,1/7/2001,Inlets Monitoring_IPTM,Dredge Petit Ponnar,36.9755,-7.8764,-4,0.72,99.28,0,1.566,1.201,1.118,1.764,,,,
208,866A,4,1/7/2001,Inlets Monitoring_IPTM,Dredge Petit Ponnar,36.9757,-7.8785,-11.5,4.95,94.1,0.95,1.663,1.825,1.01,1.709,,,,
209,867A,5,1/7/2001,Inlets Monitoring_IPTM,Dredge Petit Ponnar,36.9765,-7.881,-8.5,5.1,94.87,0.02,0.896,1.319,0.848,2.497,,,,
210,868A,6,1/7/2001,Inlets Monitoring_IPTM,Dredge Petit Ponnar,36.978,-7.8881,-4.5,1.5,89.09,9.41,2.622,2.362,1.099,1.356,,,,
211,869A,7,1/7/2001,Inlets Monitoring_IPTM,Dredge Petit Ponnar,36.9787,-7.8873,-12,0.31,97.13,2.56,1.901,1.687,1.332,2.011,,,,
212,870A,8,1/7/2001,Inlets Monitoring_IPTM,Dredge Petit Ponnar,36.985,-7.8927,-8,14.39,83.01,2.61,1.176,1.972,0.139,1.998,,,,
213,871A,9,1/7/2001,Inlets Monitoring_IPTM,Dredge Petit Ponnar,36.9847,-7.8933,-7,8.28,91.7,0.02,0.926,1.235,-0.067,2.95,,,,
214,872A,10,1/7/2001,Inlets Monitoring_IPTM,Dredge Petit Ponnar,36.9894,-7.9026,-12.5,13.53,85.11,5.58,1.079,1.644,0.06,2.281,,,,
215,873A,11-1(a),1/7/2001,Inlets Monitoring_IPTM,Dredge Petit Ponnar,36.9925,-7.9082,-6,42.01,57.22,0.77,-0.366,2.559,-1.117,2.111,,,,
216,874A,11-1(a),1/7/2001,Inlets Monitoring_IPTM,Dredge Petit Ponnar,36.9925,-7.9082,-6,47.4,52.01,0.59,-0.427,2.585,-1.028,1.908,,,,
217,875A,11-A,1/7/2001,Inlets Monitoring_IPTM,Dredge Petit Ponnar,36.9927,-7.9084,-6,61.5,37.3,1.2,-1.229,3.173,-1.058,1.543,,,,
218,876A,12,1/7/2001,Inlets Monitoring_IPTM,Dredge Petit Ponnar,36.9974,-7.9121,-6.5,13.17,86.79,0.05,1.121,1.571,-0.458,2.639,,,,
219,877A,13,1/7/2001,Inlets Monitoring_IPTM,Dredge Petit Ponnar,37.002,-7.9185,-6.2,13.77,85.07,1.16,1.446,1.978,0.076,1.768,,,,
220,878A,14,1/7/2001,Inlets Monitoring_IPTM,Dredge Petit Ponnar,37.0027,-7.9192,-7.2,11.85,77.47,10.68,1.173,1.792,0.396,2.224,,,,
221,879A,15,1/7/2001,Inlets Monitoring_IPTM,Dredge Petit Ponnar,37.0022,-7.9207,-7.2,1.75,75,23.25,2.698,2.396,1.087,1.333,,,,
