ID,Sample_ID,Sample_Type_Code,Project,dataset,Date,Location_Type,latitude,longitude,Contact,num_orig_dists,Measured_Distributions,Grainsize,Mean,Median,Wentworth,Kurtosis,Kurtosis_Class,Skewness,Skewness_Class,Std,Sorting,Depth (m),d5,d10,d16,d25,d30,d50,d65,d75,d84,d90,d95,Notes
,bgb_ll_0,,,Fenster et al (2016),,,34.6443332,-77.093597,,,,,,,,,,,,,,,,,,,,0.22133255,,,,,,
,bgb_ll_1,,,Fenster et al (2016),,,34.656164,-77.051974,,,,,,,,,,,,,,,,,,,,0.23676862,,,,,,
,bgb_ll_2,,,Fenster et al (2016),,,34.6660885,-77.008725,,,,,,,,,,,,,,,,,,,,0.26002304,,,,,,
,bgb_ll_3,,,Fenster et al (2016),,,34.6739633,-76.965366,,,,,,,,,,,,,,,,,,,,0.27328785,,,,,,
,bgb_ll_4,,,Fenster et al (2016),,,34.6807435,-76.921918,,,,,,,,,,,,,,,,,,,,0.28349156,,,,,,
,bgb_ll_5,,,Fenster et al (2016),,,34.6837042,-76.902064,,,,,,,,,,,,,,,,,,,,0.36907609,,,,,,
,bgb_ll_6,,,Fenster et al (2016),,,34.6920086,-76.837636,,,,,,,,,,,,,,,,,,,,0.31732724,,,,,,
,bgb_ll_7,,,Fenster et al (2016),,,34.6959031,-76.79345,,,,,,,,,,,,,,,,,,,,0.3404057,,,,,,
,bgb_ll_8,,,Fenster et al (2016),,,34.6974803,-76.749724,,,,,,,,,,,,,,,,,,,,0.24570829,,,,,,
,bgb_ll_9,,,Fenster et al (2016),,,34.6950669,-76.706392,,,,,,,,,,,,,,,,,,,,0.33203184,,,,,,
,bgb_ll_10,,,Fenster et al (2016),,,34.6937675,-76.679123,,,,,,,,,,,,,,,,,,,,0.26382283,,,,,,
,bgb_ll_11,,,Fenster et al (2016),,,34.6937212,-76.68943,,,,,,,,,,,,,,,,,,,,0.36963799,,,,,,
,SHB1,,,Fenster et al (2016),,,34.679135,-76.643768,,,,,1.38738249,,,,,FineSkewed,,,ModeratelyWellSorted,,,0.22742208,,,,0.44398026,,,,3.13558623,,
,SHB3,,,Fenster et al (2016),,,34.6741492,-76.622469,,,,,1.88570599,,,,,FineSkewed,,,ModeratelyWellSorted,,,0.16129621,,,,0.3117503,,,,0.50534836,,
,SHB5,,,Fenster et al (2016),,,34.6687885,-76.601149,,,,,1.82657126,,,,,FineSkewed,,,WellSorted,,,0.20129897,,,,0.30228672,,,,0.49136513,,
,SHB7,,,Fenster et al (2016),,,34.6620665,-76.579985,,,,,1.77166067,,,,,FineSkewed,,,ModeratelyWellSorted,,,0.18716883,,,,0.30132339,,,,1.83778958,,
,SHB9,,,Fenster et al (2016),,,34.6535999,-76.560493,,,,,1.79361271,,,,,FineSkewed,,,ModeratelyWellSorted,,,0.20405424,,,,0.31158572,,,,0.53263858,,
,SHB11,,,Fenster et al (2016),,,34.6415742,-76.543871,,,,,1.93877904,,,,,Symmetrical,,,WellSorted,,,0.21008872,,,,0.28291337,,,,0.40017639,,
,SHB12,,,Fenster et al (2016),,,34.6339217,-76.537073,,,,,1.61092634,,,,,FineSkewed,,,ModeratelyWellSorted,,,0.21557911,,,,0.34972983,,,,1.80884093,,
,SCB0,,,Fenster et al (2016),,,34.6306531,-76.55473,,,,,1.81280935,,,,,FineSkewed,,,ModeratelyWellSorted,,,0.18331274,,,,0.27917293,,,,2.73360231,,
,SCB1,,,Fenster et al (2016),,,34.622264,-76.553798,,,,,1.30878417,,,,,FineSkewed,,,ModeratelySorted,,,0.22977528,,,,0.43476744,,,,1.06351171,,
,SCB3,,,Fenster et al (2016),,,34.5930227,-76.536857,,,,,1.76974168,,,,,FineSkewed,,,ModeratelyWellSorted,,,0.18038261,,,,0.31008876,,,,1.52179128,,
,SCB5,,,Fenster et al (2016),,,34.6113886,-76.527149,,,,,2.30257458,,,,,FineSkewed,,,ModeratelyWellSorted,,,0.16372372,,,,0.25341626,,,,0.38054235,,
,SCB7,,,Fenster et al (2016),,,34.6441725,-76.506673,,,,,2.26942703,,,,,FineSkewed,,,ModeratelyWellSorted,,,0.15974907,,,,0.22629376,,,,0.33043333,,
,SCB9,,,Fenster et al (2016),,,34.6753617,-76.484744,,,,,2.45493044,,,,,Symmetrical,,,VeryWellSorted,,,0.15598743,,,,0.20131753,,,,0.24842234,,
,SCB11,,,Fenster et al (2016),,,34.704739,-76.460322,,,,,2.5917922,,,,,Symmetrical,,,WellSorted,,,0.13741108,,,,0.18431399,,,,0.2413499,,
,SCB13,,,Fenster et al (2016),,,34.7342111,-76.434744,,,,,2.5028512,,,,,FineSkewed,,,ModeratelyWellSorted,,,0.11248506,,,,0.2127163,,,,0.29519742,,
,SCB15,,,Fenster et al (2016),,,34.7664247,-76.405198,,,,,2.4956551,,,,,Symmetrical,,,WellSorted,,,0.14207904,,,,0.19925677,,,,0.25909774,,
,SCB17,,,Fenster et al (2016),,,34.7920252,-76.382003,,,,,2.36025411,,,,,FineSkewed,,,ModeratelySorted,,,0.11379286,,,,0.23699231,,,,0.36427751,,
,SCB19,,,Fenster et al (2016),,,34.8194531,-76.35462,,,,,2.2921567,,,,,Symmetrical,,,WellSorted,,,0.16066959,,,,0.22449774,,,,0.30872326,,
,SCB20,,,Fenster et al (2016),,,34.8303778,-76.345059,,,,,2.0341722,,,,,FineSkewed,,,ModeratelySorted,,,0.14448571,,,,0.26934968,,,,0.51265487,,
,NCB1,,,Fenster et al (2016),,,34.8857374,-76.273885,,,,,2.2674728,,,,,Symmetrical,,,WellSorted,,,0.16512225,,,,0.2329758,,,,0.29864478,,
,NCB3,,,Fenster et al (2016),,,34.896227,-76.258812,,,,,2.59273529,,,,,FineSkewed,,,WellSorted,,,0.12797462,,,,0.18949496,,,,0.24822492,,
,NCB5,,,Fenster et al (2016),,,34.9220592,-76.226175,,,,,2.46141254,,,,,FineSkewed,,,WellSorted,,,0.14976522,,,,0.20451154,,,,0.28678986,,
,NCB7,,,Fenster et al (2016),,,34.9411404,-76.203387,,,,,2.59520497,,,,,Symmetrical,,,WellSorted,,,0.1371714,,,,0.18160873,,,,0.24435947,,
,NCB9,,,Fenster et al (2016),,,34.95371,-76.188112,,,,,2.45302973,,,,,FineSkewed,,,WellSorted,,,0.13722772,,,,0.20568293,,,,0.2842989,,
,NCB11,,,Fenster et al (2016),,,34.9663064,-76.172011,,,,,2.52164762,,,,,FineSkewed,,,WellSorted,,,0.13276254,,,,0.19318436,,,,0.2759101,,
,NCB13,,,Fenster et al (2016),,,34.9781301,-76.155987,,,,,2.33412211,,,,,Symmetrical,,,VeryWellSorted,,,0.16143605,,,,0.22373965,,,,0.28488428,,
,NCB15,,,Fenster et al (2016),,,34.9912825,-76.13917,,,,,2.39420947,,,,,Symmetrical,,,WellSorted,,,0.1531566,,,,0.21234211,,,,0.29142798,,
,NCB17,,,Fenster et al (2016),,,35.0040007,-76.123335,,,,,2.13394205,,,,,FineSkewed,,,ModeratelyWellSorted,,,0.16300944,,,,0.24001997,,,,0.40245783,,
,NCB19,,,Fenster et al (2016),,,35.015843,-76.106636,,,,,2.51449583,,,,,FineSkewed,,,WellSorted,,,0.1366,,,,0.19366957,,,,0.27421166,,
,NCB21,,,Fenster et al (2016),,,35.0270573,-76.091669,,,,,2.44958098,,,,,FineSkewed,,,ModeratelyWellSorted,,,0.1553296,,,,0.22249021,,,,0.374038,,
,NCB22,,,Fenster et al (2016),,,35.0530517,-76.04479,,,,,2.75488585,,,,,FineSkewed,,,WellSorted,,,0.12294504,,,,0.16635598,,,,0.22439066,,
,VCR-OS-1A,,,Fenster et al (2016),9-Jul-07,,37.066432,-75.950255,,,,,0.14,,,,,,,,ExtremelyPoorlySorted,4.51,,,,,,0.14,,,,,,
,VCR-OS-1B,,,Fenster et al (2016),9-Jul-07,,37.0665546,-75.916581,,,,,0.12,,,,,,,,ExtremelyPoorlySorted,4.39,,,,,,0.12,,,,,,
,VCR-OS-1C,,,Fenster et al (2016),9-Jul-07,,37.0667863,-75.883183,,,,,0.12,,,,,,,,ExtremelyPoorlySorted,6,,,,,,0.12,,,,,,
,VCR-OS-1D,,,Fenster et al (2016),9-Jul-07,,37.066776,-75.849694,,,,,0.12,,,,,,,,VeryPoorlySorted,7.99,,,,,,0.12,,,,,,
,VCR-OS-1E,,,Fenster et al (2016),9-Jul-07,,37.0665673,-75.816563,,,,,0.11,,,,,,,,VeryPoorlySorted,9.6,,,,,,0.11,,,,,,
,VCR-OS-2A,,,Fenster et al (2016),9-Jul-07,,37.0835072,-75.933208,,,,,0.14,,,,,,,,ExtremelyPoorlySorted,2.71,,,,,,0.14,,,,,,
,VCR-OS-2B,,,Fenster et al (2016),25-Jun-07,,37.0832004,-75.899996,,,,,0.13,,,,,,,,ExtremelyPoorlySorted,5.67,,,,,,0.13,,,,,,
,VCR-OS-2C,,,Fenster et al (2016),9-Jul-07,,37.0865859,-75.866785,,,,,0.11,,,,,,,,VeryPoorlySorted,6.19,,,,,,0.11,,,,,,
,VCR-OS-2D,,,Fenster et al (2016),9-Jul-07,,37.086577,-75.833086,,,,,0.16,,,,,,,,VeryPoorlySorted,7.89,,,,,,0.16,,,,,,
,VCR-OS-2E,,,Fenster et al (2016),9-Jul-07,,37.0832056,-75.799766,,,,,0.12,,,,,,,,VeryPoorlySorted,9.3,,,,,,0.12,,,,,,
,VCR-OS-3A,,,Fenster et al (2016),25-Jun-07,,37.0999911,-75.916445,,,,,0.16,,,,,,,,ExtremelyPoorlySorted,1.43,,,,,,0.16,,,,,,
,VCR-OS-3B,,,Fenster et al (2016),25-Jun-07,,37.1003085,-75.883046,,,,,0.1,,,,,,,,ExtremelyPoorlySorted,5.67,,,,,,0.1,,,,,,
,VCR-OS-3B-2,,,Fenster et al (2016),25-Jun-07,,37.1003085,-75.883046,,,,,0.12,,,,,,,,VeryPoorlySorted,5.67,,,,,,0.12,,,,,,
,VCR-OS-3C,,,Fenster et al (2016),9-Jul-07,,37.1001368,-75.849931,,,,,0.12,,,,,,,,VeryPoorlySorted,7.01,,,,,,0.12,,,,,,
,VCR-OS-3D,,,Fenster et al (2016),9-Jul-07,,37.1001566,-75.81668,,,,,0.11,,,,,,,,ExtremelyPoorlySorted,8.6,,,,,,0.11,,,,,,
,VCR-OS-4A,,,Fenster et al (2016),25-Jun-07,,37.1166174,-75.883142,,,,,0.1,,,,,,,,ExtremelyPoorlySorted,5.91,,,,,,0.1,,,,,,
,VCR-OS-4B,,,Fenster et al (2016),25-Jun-07,,37.1170988,-75.849977,,,,,0.1,,,,,,,,ExtremelyPoorlySorted,6.43,,,,,,0.1,,,,,,
,VCR-OS-4C,,,Fenster et al (2016),9-Jul-07,,37.1168566,-75.816599,,,,,0.13,,,,,,,,VeryPoorlySorted,7.8,,,,,,0.13,,,,,,
,VCR-OS-4D,,,Fenster et al (2016),9-Jul-07,,37.1167296,-75.783097,,,,,0.1,,,,,,,,VeryPoorlySorted,10,,,,,,0.1,,,,,,
,VCR-OS-5A,,,Fenster et al (2016),25-Jun-07,,37.133515,-75.866622,,,,,0.11,,,,,,,,VeryPoorlySorted,,,,,,,0.11,,,,,,
,VCR-OS-5B,,,Fenster et al (2016),25-Jun-07,,37.133662,-75.833229,,,,,0.11,,,,,,,,VeryPoorlySorted,6.28,,,,,,0.11,,,,,,
,VCR-OS-5C,,,Fenster et al (2016),9-Jul-07,,37.1334779,-75.800282,,,,,0.12,,,,,,,,VeryPoorlySorted,7.89,,,,,,0.12,,,,,,
,VCR-OS-5D,,,Fenster et al (2016),9-Jul-07,,37.1334527,-75.766523,,,,,0.17,,,,,,,,VeryPoorlySorted,11.49,,,,,,0.17,,,,,,
,VCR-OS-6A,,,Fenster et al (2016),25-Jun-07,,37.1499608,-75.849936,,,,,0.11,,,,,,,,VeryPoorlySorted,4.45,,,,,,0.11,,,,,,
,VCR-OS-6B,,,Fenster et al (2016),25-Jun-07,,37.1502309,-75.81645,,,,,0.12,,,,,,,,VeryPoorlySorted,6.55,,,,,,0.12,,,,,,
,VCR-OS-6C,,,Fenster et al (2016),9-Jul-07,,37.1502487,-75.783593,,,,,0.12,,,,,,,,VeryPoorlySorted,8.2,,,,,,0.12,,,,,,
,VCR-OS-7A,,,Fenster et al (2016),25-Jun-07,,37.1665368,-75.832003,,,,,0.11,,,,,,,,VeryPoorlySorted,4.75,,,,,,0.11,,,,,,
,VCR-OS-7A-3-dredge,,,Fenster et al (2016),25-Jun-07,,37.1673006,-75.83375,,,,,0.15,,,,,,,,VeryPoorlySorted,4.75,,,,,,0.15,,,,,,
,VCR-OS-7B,,,Fenster et al (2016),25-Jun-07,,37.1672042,-75.799914,,,,,0.11,,,,,,,,VeryPoorlySorted,6.71,,,,,,0.11,,,,,,
,VCR-OS-8A,,,Fenster et al (2016),25-Jun-07,,37.183095,-75.816618,,,,,0.13,,,,,,,,VeryPoorlySorted,3.6,,,,,,0.13,,,,,,
,VCR-OS-8B,,,Fenster et al (2016),25-Jun-07,,37.1841706,-75.783189,,,,,0.11,,,,,,,,VeryPoorlySorted,7.32,,,,,,0.11,,,,,,
,VCR-OS-8C,,,Fenster et al (2016),9-Jul-07,,37.1834293,-75.749933,,,,,0.12,,,,,,,,VeryPoorlySorted,9.39,,,,,,0.12,,,,,,
,VCR-OS-9A,,,Fenster et al (2016),25-Jun-07,,37.2001912,-75.800361,,,,,0.15,,,,,,,,ExtremelyPoorlySorted,4.27,,,,,,0.15,,,,,,
,VCR-OS-9B,,,Fenster et al (2016),25-Jun-07,,37.2001737,-75.766534,,,,,0.15,,,,,,,,VeryPoorlySorted,7.32,,,,,,0.15,,,,,,
,VCR-OS-9C,,,Fenster et al (2016),9-Jul-07,,37.2002288,-75.733341,,,,,0.14,,,,,,,,VeryPoorlySorted,10.09,,,,,,0.14,,,,,,
,VCR-OS-10A,,,Fenster et al (2016),25-Jun-07,,37.2185918,-75.800019,,,,,0.15,,,,,,,,VeryPoorlySorted,2.13,,,,,,0.15,,,,,,
,VCR-OS-10B,,,Fenster et al (2016),25-Jun-07,,37.216741,-75.766385,,,,,0.13,,,,,,,,VeryPoorlySorted,6.13,,,,,,0.13,,,,,,
,VCR-OS-10C,,,Fenster et al (2016),9-Jul-07,,37.2166123,-75.733584,,,,,0.14,,,,,,,,VeryPoorlySorted,9.81,,,,,,0.14,,,,,,
,VCR-OS-11A,,,Fenster et al (2016),25-Jun-07,,37.2334133,-75.783929,,,,,0.16,,,,,,,,VeryPoorlySorted,2.83,,,,,,0.16,,,,,,
,VCR-OS-11B,,,Fenster et al (2016),25-Jun-07,,37.2338748,-75.750202,,,,,0.09,,,,,,,,VeryPoorlySorted,10.3,,,,,,0.09,,,,,,
,VCR-OS-11C,,,Fenster et al (2016),9-Jul-07,,37.2335524,-75.716436,,,,,0.15,,,,,,,,VeryPoorlySorted,10.61,,,,,,0.15,,,,,,
,VCR-OS-12A,,,Fenster et al (2016),25-Jun-07,,37.247824,-75.783171,,,,,0.14,,,,,,,,VeryPoorlySorted,,,,,,,0.14,,,,,,
,VCR-OS-12B,,,Fenster et al (2016),25-Jun-07,,37.2501569,-75.750125,,,,,0.11,,,,,,,,VeryPoorlySorted,8.11,,,,,,0.11,,,,,,
,VCR-OS-12C,,,Fenster et al (2016),9-Jul-07,,37.2501264,-75.716815,,,,,0.15,,,,,,,,VeryPoorlySorted,9.51,,,,,,0.15,,,,,,
,VCR-OS-13A,,,Fenster et al (2016),25-Jun-07,,37.2664962,-75.783535,,,,,0.13,,,,,,,,ExtremelyPoorlySorted,,,,,,,0.13,,,,,,
,VCR-OS-13B,,,Fenster et al (2016),25-Jun-07,,37.2668948,-75.750124,,,,,0.17,,,,,,,,ExtremelyPoorlySorted,,,,,,,0.17,,,,,,
,VCR-OS-13C,,,Fenster et al (2016),9-Jul-07,,37.2667498,-75.716575,,,,,0.12,,,,,,,,VeryPoorlySorted,8.69,,,,,,0.12,,,,,,
,VCR-OS-14A,,,Fenster et al (2016),25-Jun-07,,37.2831903,-75.782639,,,,,0.13,,,,,,,,VeryPoorlySorted,,,,,,,0.13,,,,,,
,VCR-OS-14B,,,Fenster et al (2016),25-Jun-07,,37.2834041,-75.750049,,,,,0.14,,,,,,,,ExtremelyPoorlySorted,3.11,,,,,,0.14,,,,,,
,VCR-OS-14B-1,,,Fenster et al (2016),27-Jun-07,,37.2833,-75.749833,,,,,0.14,,,,,,,,ExtremelyPoorlySorted,,,,,,,0.14,,,,,,
,VCR-OS-14C,,,Fenster et al (2016),7/9/2007,,37.2836986,-75.71673,,,,,0.11,,,,,,,,VeryPoorlySorted,7.41,,,,,,0.11,,,,,,
,VCR-OS-15A,,,Fenster et al (2016),27-Jun-07,,37.300033,-75.7666,,,,,0.12,,,,,,,,ExtremelyPoorlySorted,3.81,,,,,,0.12,,,,,,
,VCR-OS-15B,,,Fenster et al (2016),27-Jun-07,,37.299933,-75.733433,,,,,0.1,,,,,,,,ExtremelyPoorlySorted,4.88,,,,,,0.1,,,,,,
,VCR-OS-15C,,,Fenster et al (2016),9-Jul-07,,37.300126,-75.69986,,,,,0.1,,,,,,,,VeryPoorlySorted,7.8,,,,,,0.1,,,,,,
,VCR-OS-16A,,,Fenster et al (2016),27-Jun-07,,37.316,-75.750183,,,,,0.12,,,,,,,,ExtremelyPoorlySorted,2.62,,,,,,0.12,,,,,,
,VCR-OS-16B,,,Fenster et al (2016),27-Jun-07,,37.316617,-75.716733,,,,,0.11,,,,,,,,ExtremelyPoorlySorted,5.03,,,,,,0.11,,,,,,
,VCR-OS-16C,,,Fenster et al (2016),9-Jul-07,,37.3166089,-75.683211,,,,,0.11,,,,,,,,ExtremelyPoorlySorted,8.11,,,,,,0.11,,,,,,
,VCR-OS-17A,,,Fenster et al (2016),27-Jun-07,,37.333133,-75.716667,,,,,0.14,,,,,,,,VeryPoorlySorted,3.35,,,,,,0.14,,,,,,
,VCR-OS-17B,,,Fenster et al (2016),27-Jun-07,,37.333717,-75.68245,,,,,0.13,,,,,,,,VeryPoorlySorted,5.88,,,,,,0.13,,,,,,
,VCR-OS-18A,,,Fenster et al (2016),27-Jun-07,,37.350033,-75.69955,,,,,0.14,,,,,,,,ExtremelyPoorlySorted,2.74,,,,,,0.14,,,,,,
,VCR-OS-18B,,,Fenster et al (2016),27-Jun-07,,37.349883,-75.666717,,,,,0.16,,,,,,,,VeryPoorlySorted,7.25,,,,,,0.16,,,,,,
,VCR-OS-19A,,,Fenster et al (2016),27-Jun-07,,37.366783,-75.716633,,,,,0.11,,,,,,,,ExtremelyPoorlySorted,9.14,,,,,,0.11,,,,,,
,VCR-OS-19B,,,Fenster et al (2016),27-Jun-07,,37.36665,-75.683333,,,,,0.13,,,,,,,,ExtremelyPoorlySorted,4.33,,,,,,0.13,,,,,,
,VCR-OS-20A,,,Fenster et al (2016),27-Jun-07,,37.38415,-75.699967,,,,,0.11,,,,,,,,ExtremelyPoorlySorted,3.51,,,,,,0.11,,,,,,
,VCR-OS-20B,,,Fenster et al (2016),27-Jun-07,,37.38345,-75.665767,,,,,0.13,,,,,,,,VeryPoorlySorted,7.07,,,,,,0.13,,,,,,
,VCR-OS-21A,,,Fenster et al (2016),27-Jun-07,,37.401417,-75.682783,,,,,0.11,,,,,,,,VeryPoorlySorted,4.45,,,,,,0.11,,,,,,
,VCR-OS-21B,,,Fenster et al (2016),27-Jun-07,,37.399983,-75.649767,,,,,0.13,,,,,,,,VeryPoorlySorted,8.08,,,,,,0.13,,,,,,
,VCR-OS-22A,,,Fenster et al (2016),27-Jun-07,,37.417717,-75.666417,,,,,0.12,,,,,,,,ExtremelyPoorlySorted,4.72,,,,,,0.12,,,,,,
,VCR-OS-22B,,,Fenster et al (2016),27-Jun-07,,37.416683,-75.6328,,,,,0.14,,,,,,,,VeryPoorlySorted,9.39,,,,,,0.14,,,,,,
,VCR-OS-23A,,,Fenster et al (2016),27-Jun-07,,37.433267,-75.649933,,,,,0.14,,,,,,,,VeryPoorlySorted,4.88,,,,,,0.14,,,,,,
,VCR-OS-23B,,,Fenster et al (2016),27-Jun-07,,37.424867,-75.633283,,,,,0.12,,,,,,,,VeryPoorlySorted,7.71,,,,,,0.12,,,,,,
,VCR-OS-24A,,,Fenster et al (2016),26-Jun-07,,37.4496573,-75.650322,,,,,0.14,,,,,,,,ExtremelyPoorlySorted,2.59,,,,,,0.14,,,,,,
,VCR-OS-24B,,,Fenster et al (2016),26-Jun-07,,37.450035,-75.616054,,,,,0.14,,,,,,,,VeryPoorlySorted,10.79,,,,,,0.14,,,,,,
,VCR-OS-24.5A,,,Fenster et al (2016),26-Jun-07,,37.4598235,-75.648843,,,,,0.18,,,,,,,,VeryPoorlySorted,15.73,,,,,,0.18,,,,,,
,VCR-OS-25A,,,Fenster et al (2016),26-Jun-07,,37.4666263,-75.6498,,,,,0.14,,,,,,,,VeryPoorlySorted,4.91,,,,,,0.14,,,,,,
,VCR-OS-25B,,,Fenster et al (2016),26-Jun-07,,37.4668488,-75.616671,,,,,0.17,,,,,,,,VeryPoorlySorted,9.91,,,,,,0.17,,,,,,
,VCR-OS-26A,,,Fenster et al (2016),26-Jun-07,,37.4832654,-75.65011,,,,,0.1,,,,,,,,VeryPoorlySorted,6.71,,,,,,0.1,,,,,,
,VCR-OS-26B,,,Fenster et al (2016),26-Jun-07,,37.483529,-75.616468,,,,,0.1,,,,,,,,VeryPoorlySorted,10.12,,,,,,0.1,,,,,,
,VCR-OS-27A,,,Fenster et al (2016),26-Jun-07,,37.4997894,-75.633374,,,,,0.12,,,,,,,,ExtremelyPoorlySorted,9.6,,,,,,0.12,,,,,,
,VCR-OS-27B,,,Fenster et al (2016),26-Jun-07,,37.5000783,-75.599771,,,,,0.13,,,,,,,,VeryPoorlySorted,11.09,,,,,,0.13,,,,,,
,VCR-OS-28A,,,Fenster et al (2016),26-Jun-07,,37.5163459,-75.633228,,,,,0.15,,,,,,,,VeryPoorlySorted,7.86,,,,,,0.15,,,,,,
,VCR-OS-28B,,,Fenster et al (2016),26-Jun-07,,37.5168611,-75.599868,,,,,0.12,,,,,,,,VeryPoorlySorted,9.97,,,,,,0.12,,,,,,
,VCR-OS-29A,,,Fenster et al (2016),26-Jun-07,,37.5333393,-75.616506,,,,,0.13,,,,,,,,VeryPoorlySorted,8.96,,,,,,0.13,,,,,,
,VCR-OS-29B,,,Fenster et al (2016),26-Jun-07,,37.5333705,-75.583224,,,,,0.17,,,,,,,,VeryPoorlySorted,10.36,,,,,,0.17,,,,,,
,VCR-OS-30A,,,Fenster et al (2016),26-Jun-07,,37.5501653,-75.599693,,,,,0.15,,,,,,,,VeryPoorlySorted,8.44,,,,,,0.15,,,,,,
,VCR-OS-30B,,,Fenster et al (2016),26-Jun-07,,37.5502813,-75.566659,,,,,0.12,,,,,,,,VeryPoorlySorted,12.98,,,,,,0.12,,,,,,
,VCR-OS-31A,,,Fenster et al (2016),26-Jun-07,,37.5665475,-75.583099,,,,,0.29,,,,,,,,VeryPoorlySorted,6.19,,,,,,0.29,,,,,,
,VCR-OS-31B,,,Fenster et al (2016),26-Jun-07,,37.5668692,-75.549803,,,,,0.46,,,,,,,,VeryPoorlySorted,12.95,,,,,,0.46,,,,,,
,VCR-OS-32A-off,,,Fenster et al (2016),26-Jun-07,,37.584348,-75.608172,,,,,0.09,,,,,,,,VeryPoorlySorted,2.59,,,,,,0.09,,,,,,
,VCR-OS-32B,,,Fenster et al (2016),26-Jun-07,,37.5826497,-75.572131,,,,,0.16,,,,,,,,VeryPoorlySorted,9.36,,,,,,0.16,,,,,,
,VCR-OS-33A,,,Fenster et al (2016),26-Jun-07,,37.5999715,-75.599615,,,,,0.1,,,,,,,,VeryPoorlySorted,3.87,,,,,,0.1,,,,,,
,VCR-OS-33B,,,Fenster et al (2016),28-Jun-07,,37.599667,-75.5664,,,,,0.16,,,,,,,,VeryPoorlySorted,10.12,,,,,,0.16,,,,,,
,VCR-OS-34A,,,Fenster et al (2016),26-Jun-07,,37.6170188,-75.599877,,,,,0.12,,,,,,,,ExtremelyPoorlySorted,4.05,,,,,,0.12,,,,,,
,VCR-OS-34B,,,Fenster et al (2016),28-Jun-07,,37.6165,-75.566417,,,,,0.16,,,,,,,,VeryPoorlySorted,9.97,,,,,,0.16,,,,,,
,VCR-OS-35A,,,Fenster et al (2016),26-Jun-07,,37.6335484,-75.583064,,,,,0.15,,,,,,,,VeryPoorlySorted,6.71,,,,,,0.15,,,,,,
,VCR-OS-35B,,,Fenster et al (2016),28-Jun-07,,37.63325,-75.56665,,,,,0.14,,,,,,,,VeryPoorlySorted,9.2,,,,,,0.14,,,,,,
,VCR-OS-36B,,,Fenster et al (2016),28-Jun-07,,37.606933,-75.5567,,,,,0.16,,,,,,,,VeryPoorlySorted,9.05,,,,,,0.16,,,,,,
,VCR-OS-37A,,,Fenster et al (2016),26-Jun-07,,37.6668793,-75.566622,,,,,0.12,,,,,,,,VeryPoorlySorted,8.41,,,,,,0.12,,,,,,
,VCR-OS-38A,,,Fenster et al (2016),26-Jun-07,,37.6832316,-75.56662,,,,,0.11,,,,,,,,VeryPoorlySorted,6.89,,,,,,0.11,,,,,,
,VCR-OS-38A-2,,,Fenster et al (2016),26-Jun-07,,37.6832316,-75.56662,,,,,0.14,,,,,,,,VeryPoorlySorted,6.89,,,,,,0.14,,,,,,
,VCR-OS-38B,,,Fenster et al (2016),28-Jun-07,,37.6832316,-75.56662,,,,,0.21,,,,,,,,VeryPoorlySorted,10.06,,,,,,0.21,,,,,,
,VCR-OS-39A,,,Fenster et al (2016),26-Jun-07,,37.7004193,-75.566776,,,,,0.09,,,,,,,,VeryPoorlySorted,4.97,,,,,,0.09,,,,,,
,VCR-OS-40A,,,Fenster et al (2016),26-Jun-07,,37.7166753,-75.566671,,,,,0.24,,,,,,,,VeryPoorlySorted,4.08,,,,,,0.24,,,,,,
,VCR-OS-40B,,,Fenster et al (2016),28-Jun-07,,37.716667,75.533333,,,,,0.44,,,,,,,,VeryPoorlySorted,9.3,,,,,,0.44,,,,,,
,VCR-OS-41A,,,Fenster et al (2016),26-Jun-07,,37.7332968,-75.549885,,,,,0.26,,,,,,,,VeryPoorlySorted,6.68,,,,,,0.26,,,,,,
,VCR-OS-41B,,,Fenster et al (2016),28-Jun-07,,37.733333,75.516667,,,,,0.53,,,,,,,,PoorlySorted,6.46,,,,,,0.53,,,,,,
,VCR-OS-42A,,,Fenster et al (2016),26-Jun-07,,37.7504208,-75.533082,,,,,0.14,,,,,,,,VeryPoorlySorted,7.19,,,,,,0.14,,,,,,
,VCR-OS-42B,,,Fenster et al (2016),28-Jun-07,,37.75,75.516667,,,,,0.36,,,,,,,,VeryPoorlySorted,8.96,,,,,,0.36,,,,,,
,VCR-OS-43A,,,Fenster et al (2016),26-Jun-07,,37.7673667,-75.533075,,,,,0.1,,,,,,,,VeryPoorlySorted,5.3,,,,,,0.1,,,,,,
,VCR-OS-44A,,,Fenster et al (2016),26-Jun-07,,37.7834434,-75.516512,,,,,0.09,,,,,,,,VeryPoorlySorted,6.4,,,,,,0.09,,,,,,
,VCR-OS-45A,,,Fenster et al (2016),26-Jun-07,,37.8001612,-75.499497,,,,,0.1,,,,,,,,VeryPoorlySorted,7.19,,,,,,0.1,,,,,,
,VCR-OS-46A,,,Fenster et al (2016),28-Jun-07,,37.833117,-75.4667,,,,,0.11,,,,,,,,VeryPoorlySorted,6.86,,,,,,0.11,,,,,,
,VCR-OS-47A,,,Fenster et al (2016),28-Jun-07,,37.849983,-75.449967,,,,,0.13,,,,,,,,VeryPoorlySorted,6.8,,,,,,0.13,,,,,,
,VCR-OS-47D,,,Fenster et al (2016),,,37.833278,-75.400412,,,,,0.1,,,,,,,,VeryPoorlySorted,8.81,,,,,,0.1,,,,,,
,VCR-OS-47E,,,Fenster et al (2016),,,37.83333,-75.366804,,,,,0.16,,,,,,,,VeryPoorlySorted,9.21,,,,,,0.16,,,,,,
,VCR-OS-47F,,,Fenster et al (2016),,,37.833443,-75.333698,,,,,0.09,,,,,,,,VeryPoorlySorted,9.33,,,,,,0.09,,,,,,
,VCR-OS-48B-real,,,Fenster et al (2016),,,37.849286,-75.416121,,,,,0.09,,,,,,,,VeryPoorlySorted,5.7,,,,,,0.09,,,,,,
,VCR-OS-48C-off,,,Fenster et al (2016),,,37.84741,-75.384956,,,,,0.38,,,,,,,,VeryPoorlySorted,2.32,,,,,,0.38,,,,,,
,VCR-OS-48D,,,Fenster et al (2016),,,37.851684,-75.350229,,,,,0.43,,,,,,,,VeryPoorlySorted,6.19,,,,,,0.43,,,,,,
,VCR-OS-48E,,,Fenster et al (2016),,,37.850117,-75.31644,,,,,0.28,,,,,,,,ExtremelyPoorlySorted,8.51,,,,,,0.28,,,,,,
,VCR-OS-49A,,,Fenster et al (2016),28-Jun-07,,37.940267,-75.4034,,,,,0.29,,,,,,,,VeryPoorlySorted,3.84,,,,,,0.29,,,,,,
,VCR-OS-49B,,,Fenster et al (2016),,,37.866818,-75.416455,,,,,0.16,,,,,,,,VeryPoorlySorted,6.01,,,,,,0.16,,,,,,
,VCR-OS-49C,,,Fenster et al (2016),,,37.866918,-75.400363,,,,,0.17,,,,,,,,VeryPoorlySorted,3.69,,,,,,0.17,,,,,,
,VCR-OS-49D,,,Fenster et al (2016),,,37.866844,-75.350358,,,,,0.15,,,,,,,,VeryPoorlySorted,5.7,,,,,,0.15,,,,,,
,VCR-OS-49E,,,Fenster et al (2016),,,37.866784,-75.316056,,,,,0.17,,,,,,,,VeryPoorlySorted,9.7,,,,,,0.17,,,,,,
,VCR-OS-50A,,,Fenster et al (2016),,,37.88334,-75.416693,,,,,0.14,,,,,,,,ExtremelyPoorlySorted,5.61,,,,,,0.14,,,,,,
,VCR-OS-50B-off,,,Fenster et al (2016),,,37.880412,-75.405816,,,,,0.15,,,,,,,,ExtremelyPoorlySorted,2.01,,,,,,0.15,,,,,,
,VCR-OS-50C,,,Fenster et al (2016),,,37.883739,-75.332949,,,,,0.12,,,,,,,,VeryPoorlySorted,8.9,,,,,,0.12,,,,,,
,VCR-OS-51A,,,Fenster et al (2016),,,37.900121,-75.318825,,,,,0.14,,,,,,,,,9.91,,,,,,0.14,,,,,,
,VCR-OS-52A,,,Fenster et al (2016),,,37.949323,-75.283756,,,,,0.12,,,,,,,,VeryPoorlySorted,8.69,,,,,,0.12,,,,,,
,VCR-OS-53A-real,,,Fenster et al (2016),,,38.016798,-75.233287,,,,,0.18,,,,,,,,VeryPoorlySorted,8.2,,,,,,0.18,,,,,,
,Quinby Inlet-1,,,Fenster et al (2016),26-Jun-07,,37.473746,-75.657005,,,,,0.22,,,,,,,,ExtremelyPoorlySorted,3.29,,,,,,0.22,,,,,,
,Wach Inlet-1,,,Fenster et al (2016),,,37.5796103,-75.589442,,,,,0.22,,,,,,,,VeryPoorlySorted,5.55,,,,,,0.22,,,,,,
,Wach Inlet-2,,,Fenster et al (2016),,,37.5798709,-75.600351,,,,,0.19,,,,,,,,VeryPoorlySorted,11.59,,,,,,0.19,,,,,,
,R13A_H75,,,Briggs (2022),5/8/2019,,26.9413734,-80.071678,,,,,0.45,,,,,,,,,,,,,,,0.45,,,,,,
,R13A_M75,,,Briggs (2022),5/8/2019,,26.9414199,-80.071498,,,,,0.67,,,,,,,,,,,,,,,0.67,,,,,,
,R21_HS,,,Briggs (2022),4/10/2019,,26.9218932,-80.06617,,,,,0.38,,,,,,,,,,,,,,,0.38,,,,,,
,R21_M75,,,Briggs (2022),10-Apr-19,,26.9219163,-80.066061,,,,,0.5,,,,,,,,,,,,,,,0.5,,,,,,
,R27_H75,,,Briggs (2022),4/10/2019,,26.9048575,-80.060551,,,,,0.44,,,,,,,,,,,,,,,0.44,,,,,,
,R27_MS,,,Briggs (2022),4/10/2019,,26.9048861,-80.060441,,,,,0.44,,,,,,,,,,,,,,,0.44,,,,,,
,R34_M75,,,Briggs (2022),10-Apr-19,,26.8854918,-80.054552,,,,,0.44,,,,,,,,,,,,,,,0.44,,,,,,
,R34_L75,,,Briggs (2022),4/10/2019,,26.8855034,-80.054474,,,,,0.49,,,,,,,,,,,,,,,0.49,,,,,,
,R51_H75,,,Briggs (2022),4/10/2019,,26.8399893,-80.042386,,,,,0.38,,,,,,,,,,,,,,,0.38,,,,,,
,R51_M75,,,Briggs (2022),4/10/2019,,26.8400059,-80.042301,,,,,1.08,,,,,,,,,,,,,,,1.08,,,,,,
,Boca - R215,,,Briggs (2022),7/20/2017,,26.360035,-80.06916,,,,,0.27,,,,,,,,,,,,,,,0.27,,,,,,R215 3/1/17 SL
,Boca - R216,,,Briggs (2022),7/16/2016,,26.357453,-80.069501,,,,,0.37,,,,,,,,,,,,,,,0.37,,,,,,"R216, midbeach, 6/8/16"
,Boca - R217,,,Briggs (2022),12/21/2016,,26.354776,-80.069625,,,,,0.31,,,,,,,,,,,,,,,0.31,,,,,,R217 collected 9/16/16 - SL
,Boca - R218A,,,Briggs (2022),6/29/2016,,26.350404,-80.069788,,,,,0.3,,,,,,,,,,,,,,,0.3,,,,,,"Boca, R218A, mid-beach, 6/8/16"
,Boca - R219,,,Briggs (2022),7/15/2016,,26.347573,-80.069928,,,,,0.35,,,,,,,,,,,,,,,0.35,,,,,,"R219, midbeach, 6/14/16"
,Boca - R220,,,Briggs (2022),10/2/2017,,26.343868,-80.070955,,,,,0.65,,,,,,,,,,,,,,,0.65,,,,,,9/14/2017 SL R220
,Boyton Inlet- R152,,,Briggs (2022),2/26/2017,,26.54425,-80.043676,,,,,0.38,,,,,,,,,,,,,,,0.38,,,,,,Mid logger 45cm depth
,Boyton (Ocean Ridge) - R156,,,Briggs (2022),2/13/2018,,26.53152,-80.046917,,,,,0.44,,,,,,,,,,,,,,,0.44,,,,,,OR Mid 7-17-17
,Delray South - Atlantic Dunes,,,Briggs (2022),2/14/2017,,26.441889,-80.061608,,,,,0.29,,,,,,,,,,,,,,,0.29,,,,,,Mid logger 45 cm 9/22/16
,Juno Beach,,,Briggs (2022),10/27/2020,,26.88541,-80.05464,,,,,0.39,,,,,,,,,,,,,,,0.39,,,,,,R34 MS
,Jupiter Inlet,,,Briggs (2022),6/22/2021,,26.94134,-80.07174,,,,,1.15,,,,,,,,,,,,,,,1.15,,,,,,R13A MS
